Keyword,Score
security,0.6081211398682972
network,0.4343722427630694
cryptography,0.3040605699341486
network security,0.3040605699341486
cryptography network,0.2171861213815347
authentication,0.17374889710522776
edition,0.17374889710522776
module,0.17374889710522776
algorithms,0.1303116728289208
edition cryptography,0.1303116728289208
encryption,0.1303116728289208
familiarise,0.1303116728289208
hill,0.1303116728289208
introduction,0.1303116728289208
key,0.1303116728289208
